{"stats":{"minecraft:picked_up":{"minecraft:bedrock":1,"minecraft:brain_coral":4,"minecraft:stone_button":1,"minecraft:oak_fence":2,"minecraft:mossy_cobblestone":2,"minecraft:netherite_leggings":2,"minecraft:slime_ball":4,"minecraft:stripped_oak_log":5,"minecraft:netherite_helmet":2,"minecraft:netherite_boots":2},"minecraft:crafted":{"minecraft:netherite_leggings":1,"minecraft:netherite_helmet":1,"minecraft:netherite_boots":1},"minecraft:custom":{"minecraft:traded_with_villager":3,"minecraft:talked_to_villager":11,"minecraft:time_since_rest":1266,"minecraft:walk_one_cm":38785,"minecraft:leave_game":1,"minecraft:mob_kills":1,"minecraft:damage_dealt":215,"minecraft:play_time":32560,"minecraft:jump":64,"minecraft:time_since_death":1224,"minecraft:drop":1,"minecraft:sprint_one_cm":4422,"minecraft:total_world_time":68365,"minecraft:fly_one_cm":18852,"minecraft:crouch_one_cm":85,"minecraft:sneak_time":166,"minecraft:deaths":2},"minecraft:killed":{"minecraft:slime":1},"minecraft:used":{"minecraft:oak_fence":37,"minecraft:redstone_torch":1,"minecraft:stripped_oak_log":146,"minecraft:stone_button":6,"minecraft:command_block":7,"minecraft:mossy_cobblestone":16,"minecraft:bedrock":1},"minecraft:dropped":{"minecraft:stripped_oak_log":1}},"DataVersion":4325}