{
    "textures": {
        "particle": "chefsdream:block/sweet_berry_cake_side",
        "bottom": "chefsdream:block/sweet_berry_cake_bottom",
        "top": "chefsdream:block/sweet_berry_cake_top",
        "side": "chefsdream:block/sweet_berry_cake_side",
        "inside": "chefsdream:block/sweet_berry_cake_inner"
    },
    "elements": [
        {   "from": [ 9, 0, 1 ],
            "to": [ 15, 8, 15 ],
            "faces": {
                "down":  { "texture": "#bottom", "cullface": "down" },
                "up":    { "texture": "#top" },
                "north": { "texture": "#side" },
                "south": { "texture": "#side" },
                "west":  { "texture": "#inside" },
                "east":  { "texture": "#side" }
            }
        }
    ]
}
