{
    "providers": [
        {
            "type": "bitmap",
            "file": "minecraft:satb/custom_font/toughness/full.png",
            "ascent": -16,
            "height": 9,
            "chars": ["F"]
        },
        {
            "type": "bitmap",
            "file": "minecraft:satb/custom_font/toughness/half.png",
            "ascent": -16,
            "height": 9,
            "chars": ["H"]
        },
        {
            "type": "bitmap",
            "file": "minecraft:satb/custom_font/toughness/empty.png",
            "ascent": -16,
            "height": 9,
            "chars": ["_"]
        },

        {
            "type": "bitmap",
            "file": "minecraft:satb/custom_font/not.png",
            "ascent": -32768,
            "height": -4,
            "chars": ["-"]
        }
    ]
}