{
    "providers": [
        {
            "type": "bitmap",
            "file": "minecraft:satb/custom_font/exhaustion/firstoq.png",
            "ascent": -26,
            "height": 9,
            "chars": ["R"]
        },
        {
            "type": "bitmap",
            "file": "minecraft:satb/custom_font/exhaustion/firsthalf.png",
            "ascent": -26,
            "height": 9,
            "chars": ["I"]
        },
        {
            "type": "bitmap",
            "file": "minecraft:satb/custom_font/exhaustion/firsttq.png",
            "ascent": -26,
            "height": 9,
            "chars": ["U"]
        },
        {
            "type": "bitmap",
            "file": "minecraft:satb/custom_font/exhaustion/firstfull.png",
            "ascent": -26,
            "height": 9,
            "chars": ["G"]
        },

        {
            "type": "bitmap",
            "file": "minecraft:satb/custom_font/exhaustion/oq.png",
            "ascent": -26,
            "height": 9,
            "chars": ["O"]
        },
        {
            "type": "bitmap",
            "file": "minecraft:satb/custom_font/exhaustion/half.png",
            "ascent": -26,
            "height": 9,
            "chars": ["H"]
        },
        {
            "type": "bitmap",
            "file": "minecraft:satb/custom_font/exhaustion/tq.png",
            "ascent": -26,
            "height": 9,
            "chars": ["T"]
        },
        {
            "type": "bitmap",
            "file": "minecraft:satb/custom_font/exhaustion/full.png",
            "ascent": -26,
            "height": 9,
            "chars": ["F"]
        },
        {
            "type": "bitmap",
            "file": "minecraft:satb/custom_font/exhaustion/lastfull.png",
            "ascent": -26,
            "height": 9,
            "chars": ["Z"]
        },
        
        {
            "type": "bitmap",
            "file": "minecraft:satb/custom_font/exhaustion/empty.png",
            "ascent": -26,
            "height": 9,
            "chars": ["_"]
        },

        {
            "type": "bitmap",
            "file": "minecraft:satb/custom_font/not.png",
            "ascent": -32768,
            "height": -4,
            "chars": ["-"]
        },

        {
            "type": "bitmap",
            "file": "minecraft:satb/custom_font/not.png",
            "ascent": -32768,
            "height": -84,
            "chars": ["+"]
        }
    ]
}