{
    "providers": [
        {
            "type": "bitmap",
            "file": "item/leather_boots.png",
            "ascent": 12,
            "height": 16,
            "chars": ["L"]
        },
        {
            "type": "bitmap",
            "file": "item/chainmail_boots.png",
            "ascent": 12,
            "height": 16,
            "chars": ["C"]
        },
        {
            "type": "bitmap",
            "file": "item/golden_boots.png",
            "ascent": 12,
            "height": 16,
            "chars": ["G"]
        },
        {
            "type": "bitmap",
            "file": "item/iron_boots.png",
            "ascent": 12,
            "height": 16,
            "chars": ["I"]
        },
        {
            "type": "bitmap",
            "file": "item/diamond_boots.png",
            "ascent": 12,
            "height": 16,
            "chars": ["D"]
        },
        {
            "type": "bitmap",
            "file": "item/netherite_boots.png",
            "ascent": 12,
            "height": 16,
            "chars": ["N"]
        }
    ]
}